"ID","Species","ExperimentNo","Scenario","Treatment","Exposure.1","Exposure.2","endpoint.date","endpoint.code","Bd.endpoint.status","Bd.endpoint.CTmean","Bd.endpoint.Qmean","Rv.MCPendpoint.status","Rv.MCPendpoint.CTmean","Rv.MCPendpoint.Qmean","Rv.EBF3Nendpoint.status","Rv.EBF3Nendpoint.CTmean","Rv.EBF3Nendpoint.Qmean","EMA.YN","EMA.date","EMA.GE.EMA","EMA.GE.WS","Bd.endpoint.GE","viable.GE","dead.GE","Rv.endpoint.load"
"A1.1","Bb","1","Coinfection","Rv-Bd","rv","bd","06/06/2018","EU",1,30.94989014,23.6021347,0,0,0,0,NA,NA,1,"",0.004041085,0.026650012,236.021347,0.004041085,0.022608927,NA
"A1.2","Bb","1","Coinfection","Rv-Bd","rv","bd","26/05/2018","MORT",1,37.30877304,0.495031029,1,24.75440979,246200.6875,1,33.46543503,357.7630615,0,NA,NA,NA,4.95031029,NA,NA,1376.3337470769
"A1.3","Bb","1","Coinfection","Rv-Bd","rv","bd","06/06/2018","EU",1,32.19300842,11.08399868,0,0,0,0,NA,NA,1,"",0.479822159,0.005265172,110.8399868,0.479822159,-0.474556987,NA
"A1.4","Bb","1","Coinfection","Rv-Bd","rv","bd","27/05/2018","MORT",1,36.65140915,0.73700285,1,22.90013885,683775.875,1,31.07019806,1496.916504,0,NA,NA,NA,7.3700285,NA,NA,913.579178495048
"A1.5","Bb","1","Coinfection","Rv-Bd","rv","bd","06/06/2018","EU",1,31.30802536,18.99750137,0,0,0,0,NA,NA,1,"",0.002390919,0,189.9750137,0.002390919,-0.002390919,NA
"A1.6","Bb","1","Coinfection","Rv-Bd","rv","bd","04/06/2018","MORT",1,31.87982178,13.40060425,1,26.93018723,74052.95313,1,34.55871582,182.4617615,1,"",0.007462085,3.369523048,134.0060425,0.007462085,3.362060963,811.709286605786
"A1.7","Bb","1","Coinfection","Rv-Bd","rv","bd","06/06/2018","EU",1,31.69301987,14.94764805,0,0,0,0,NA,NA,1,"",0,0.001693409,149.4764805,0,0.001693409,NA
"A1.8","Bb","1","Coinfection","Rv-Bd","rv","bd","02/06/2018","MORT",1,34.15028381,3.36520052,1,26.86987686,75968.92188,1,35.38493729,115.3741913,NA,NA,NA,NA,33.6520052,NA,NA,1316.91361861793
"A1.9","Bb","1","Coinfection","Rv-Bd","rv","bd","06/06/2018","EU",1,30.14384842,38.65125275,0,0,0,0,NA,NA,NA,NA,NA,NA,386.5125275,NA,NA,NA
"A1.10","Bb","1","Coinfection","Rv-Bd","rv","bd","21/05/2018","MORT",1,39.77640533,0.113310777,1,36.74454498,298.7419128,1,35.22857666,118.3807907,NA,NA,NA,NA,1.13310777,NA,NA,5.04713494534887
"A1.11","Bb","1","Coinfection","Rv-Bd","rv","bd","06/06/2018","EU",1,32.77532578,7.752777576,0,0,0,0,NA,NA,NA,NA,NA,NA,77.52777576,NA,NA,NA
"A1.12","Bb","1","Coinfection","Rv-Bd","rv","bd","06/06/2018","EU",1,34.2467804,3.230875731,0,0,0,0,NA,NA,NA,NA,NA,NA,32.30875731,NA,NA,NA
"A1.13","Bb","1","Coinfection","Rv-Bd","rv","bd","06/06/2018","EU",1,32.87454987,7.307030678,0,0,0,0,NA,NA,NA,NA,NA,NA,73.07030678,NA,NA,NA
"A1.14","Bb","1","Coinfection","Rv-Bd","rv","bd","06/06/2018","EU",1,32.05519867,11.99657917,0,0,0,0,NA,NA,NA,NA,NA,NA,119.9657917,NA,NA,NA
"A1.15","Bb","1","Coinfection","Rv-Bd","rv","bd","06/06/2018","EU",1,33.42121887,5.235106468,0,0,0,0,NA,NA,NA,NA,NA,NA,52.35106468,NA,NA,NA
"A1.16","Bb","1","Coinfection","Rv-Bd","rv","bd","30/05/2018","MORT",1,34.53736496,2.660252094,1,21.84478188,1236122.5,1,29.3133049,4293.998047,NA,NA,NA,NA,26.60252094,NA,NA,575.744323341561
"A1.17","Bb","1","Coinfection","Rv-Bd","rv","bd","06/06/2018","EU",1,30.55527878,29.98496056,0,0,0,0,NA,NA,NA,NA,NA,NA,299.8496056,NA,NA,NA
"A1.18","Bb","1","Coinfection","Rv-Bd","rv","bd","21/05/2018","MORT",0,0,0,1,46.3653183,1.416279554,1,33.59130096,352.0994263,NA,NA,NA,NA,0,NA,NA,0.00804477058587016
"A1.19","Bb","1","Coinfection","Rv-Bd","rv","bd","06/06/2018","EU",1,37.31768036,0.499219179,0,0,0,0,NA,NA,NA,NA,NA,NA,4.99219179,NA,NA,NA
"A1.20","Bb","1","Coinfection","Rv-Bd","rv","bd","28/05/2018","MORT",1,34.18135071,3.307519436,1,21.74869156,1300763.5,1,30.3636322,2272.878906,NA,NA,NA,NA,33.07519436,NA,NA,1144.59551414395
"B1.1","Bb","1","Coinfection","Bd-Rv","bd","rv","06/06/2018","EU",1,32.16492844,11.23722076,0,0,0,0,NA,NA,NA,NA,NA,NA,112.3722076,NA,NA,NA
"B1.2","Bb","1","Coinfection","Bd-Rv","bd","rv","06/06/2018","EU",1,32.1455574,11.36632347,0,0,0,0,NA,NA,NA,NA,NA,NA,113.6632347,NA,NA,NA
"B1.3","Bb","1","Coinfection","Bd-Rv","bd","rv","06/06/2018","EU",1,37.2638855,0.51753968,0,0,0,0,NA,NA,NA,NA,NA,NA,5.1753968,NA,NA,NA
"B1.4","Bb","1","Coinfection","Bd-Rv","bd","rv","06/06/2018","EU",1,34.15808487,3.349504948,0,0,0,0,NA,NA,NA,NA,NA,NA,33.49504948,NA,NA,NA
"B1.5","Bb","1","Coinfection","Bd-Rv","bd","rv","06/06/2018","EU",1,30.080616,39.83976746,0,0,0,0,NA,NA,NA,NA,NA,NA,398.3976746,NA,NA,NA
"B1.6","Bb","1","Coinfection","Bd-Rv","bd","rv","06/06/2018","EU",1,32.13922119,11.40092945,1,48.44733429,2.759744883,1,43.52366257,0.787070751,NA,NA,NA,NA,114.0092945,NA,NA,7.01269836159875
"B1.7","Bb","1","Coinfection","Bd-Rv","bd","rv","06/06/2018","EU",1,32.59169769,8.710372925,0,0,0,0,NA,NA,NA,NA,NA,NA,87.10372925,NA,NA,NA
"B1.8","Bb","1","Coinfection","Bd-Rv","bd","rv","06/06/2018","EU",1,31.09827423,21.47493744,0,0,0,0,NA,NA,NA,NA,NA,NA,214.7493744,NA,NA,NA
"B1.9","Bb","1","Coinfection","Bd-Rv","bd","rv","06/06/2018","EU",1,34.47953415,2.756486893,0,0,0,0,NA,NA,NA,NA,NA,NA,27.56486893,NA,NA,NA
"B1.10","Bb","1","Coinfection","Bd-Rv","bd","rv","06/06/2018","EU",1,33.69457245,4.436452389,0,0,0,0,NA,NA,NA,NA,NA,NA,44.36452389,NA,NA,NA
"B1.11","Bb","1","Coinfection","Bd-Rv","bd","rv","06/06/2018","EU",1,33.48197556,5.053277969,0,0,0,0,NA,NA,NA,NA,NA,NA,50.53277969,NA,NA,NA
"B1.12","Bb","1","Coinfection","Bd-Rv","bd","rv","06/06/2018","EU",1,32.09716034,11.72230244,0,0,0,0,NA,NA,NA,NA,NA,NA,117.2230244,NA,NA,NA
"B1.13","Bb","1","Coinfection","Bd-Rv","bd","rv","06/06/2018","EU",1,35.2878418,1.723341227,0,0,0,0,NA,NA,NA,NA,NA,NA,17.23341227,NA,NA,NA
"B1.14","Bb","1","Coinfection","Bd-Rv","bd","rv","19/05/2018","MORT",1,42.27167511,0.024784993,0,0,0,0,NA,NA,NA,NA,NA,NA,0.24784993,NA,NA,NA
"B1.15","Bb","1","Coinfection","Bd-Rv","bd","rv","06/06/2018","EU",1,33.72922516,4.362797737,0,0,0,0,NA,NA,NA,NA,NA,NA,43.62797737,NA,NA,NA
"B1.16","Bb","1","Coinfection","Bd-Rv","bd","rv","06/06/2018","EU",1,33.58680725,4.758400917,0,0,0,0,NA,NA,NA,NA,NA,NA,47.58400917,NA,NA,NA
"B1.17","Bb","1","Coinfection","Bd-Rv","bd","rv","06/06/2018","EU",1,32.3671875,9.941318512,0,0,0,0,NA,NA,NA,NA,NA,NA,99.41318512,NA,NA,NA
"B1.18","Bb","1","Coinfection","Bd-Rv","bd","rv","06/06/2018","EU",1,31.07702255,21.80754089,0,0,0,0,NA,NA,NA,NA,NA,NA,218.0754089,NA,NA,NA
"B1.19","Bb","1","Coinfection","Bd-Rv","bd","rv","06/06/2018","EU",1,32.86929321,7.331185818,0,0,0,0,NA,NA,NA,NA,NA,NA,73.31185818,NA,NA,NA
"B1.20","Bb","1","Coinfection","Bd-Rv","bd","rv","06/06/2018","EU",1,32.5463829,8.941570282,0,0,0,0,NA,NA,NA,NA,NA,NA,89.41570282,NA,NA,NA
"C1.1","Bb","1","Single","Rv ","bdsham","rv","06/06/2018","EU",0,NA,NA,0,0,0,0,NA,NA,NA,NA,NA,NA,NA,NA,NA,NA
"C1.2","Bb","1","Single","Rv ","bdsham","rv","06/06/2018","EU",0,NA,NA,0,0,0,0,NA,NA,NA,NA,NA,NA,NA,NA,NA,NA
"C1.3","Bb","1","Single","Rv ","bdsham","rv","06/06/2018","EU",0,NA,NA,0,0,0,0,NA,NA,NA,NA,NA,NA,NA,NA,NA,NA
"C1.4","Bb","1","Single","Rv ","bdsham","rv","06/06/2018","EU",0,NA,NA,0,0,0,0,NA,NA,NA,NA,NA,NA,NA,NA,NA,NA
"C1.5","Bb","1","Single","Rv ","bdsham","rv","06/06/2018","EU",0,NA,NA,0,0,0,0,NA,NA,NA,NA,NA,NA,NA,NA,NA,NA
"C1.6","Bb","1","Single","Rv ","bdsham","rv","06/06/2018","EU",0,NA,NA,0,0,0,0,NA,NA,NA,NA,NA,NA,NA,NA,NA,NA
"C1.7","Bb","1","Single","Rv ","bdsham","rv","06/06/2018","EU",0,NA,NA,0,0,0,0,NA,NA,NA,NA,NA,NA,NA,NA,NA,NA
"C1.8","Bb","1","Single","Rv ","bdsham","rv","06/06/2018","EU",0,NA,NA,0,0,0,0,NA,NA,NA,NA,NA,NA,NA,NA,NA,NA
"C1.9","Bb","1","Single","Rv ","bdsham","rv","06/06/2018","EU",0,NA,NA,0,0,0,0,NA,NA,NA,NA,NA,NA,NA,NA,NA,NA
"C1.10","Bb","1","Single","Rv ","bdsham","rv","06/06/2018","EU",0,NA,NA,0,0,0,0,NA,NA,NA,NA,NA,NA,NA,NA,NA,NA
"C1.11","Bb","1","Single","Rv ","bdsham","rv","06/06/2018","EU",0,NA,NA,0,0,0,0,NA,NA,NA,NA,NA,NA,NA,NA,NA,NA
"C1.12","Bb","1","Single","Rv ","bdsham","rv","06/06/2018","EU",0,NA,NA,0,0,0,0,NA,NA,NA,NA,NA,NA,NA,NA,NA,NA
"C1.13","Bb","1","Single","Rv ","bdsham","rv","06/06/2018","EU",0,NA,NA,0,0,0,0,NA,NA,NA,NA,NA,NA,NA,NA,NA,NA
"C1.14","Bb","1","Single","Rv ","bdsham","rv","06/06/2018","EU",0,NA,NA,0,0,0,0,NA,NA,NA,NA,NA,NA,NA,NA,NA,NA
"C1.15","Bb","1","Single","Rv ","bdsham","rv","06/06/2018","EU",0,NA,NA,0,0,0,0,NA,NA,NA,NA,NA,NA,NA,NA,NA,NA
"C1.16","Bb","1","Single","Rv ","bdsham","rv","06/06/2018","EU",0,NA,NA,0,0,0,0,NA,NA,NA,NA,NA,NA,NA,NA,NA,NA
"C1.17","Bb","1","Single","Rv ","bdsham","rv","06/06/2018","EU",0,NA,NA,0,0,0,0,NA,NA,NA,NA,NA,NA,NA,NA,NA,NA
"C1.18","Bb","1","Single","Rv ","bdsham","rv","06/06/2018","EU",0,NA,NA,0,0,0,0,NA,NA,NA,NA,NA,NA,NA,NA,NA,NA
"C1.19","Bb","1","Single","Rv ","bdsham","rv","06/06/2018","EU",0,NA,NA,0,0,0,0,NA,NA,NA,NA,NA,NA,NA,NA,NA,NA
"C1.20","Bb","1","Single","Rv ","bdsham","rv","06/06/2018","EU",0,NA,NA,0,0,0,0,NA,NA,NA,NA,NA,NA,NA,NA,NA,NA
"D1.1","Bb","1","Single","Bd","rvsham","bd","06/06/2018","EU",1,30.22931862,8.237923622,0,NA,NA,0,NA,NA,1,"",0.003359616,0.03453951,82.37923622,0.003359616,0.031179894,NA
"D1.2","Bb","1","Single","Bd","rvsham","bd","06/06/2018","EU",1,29.38041687,13.00338936,0,NA,NA,0,NA,NA,1,"",0.024831735,0,130.0338936,0.024831735,-0.024831735,NA
"D1.3","Bb","1","Single","Bd","rvsham","bd","06/06/2018","EU",1,37.6084404,0.157442197,0,NA,NA,0,NA,NA,1,"",0,0.182456464,1.57442197,0,0.182456464,NA
"D1.4","Bb","1","Single","Bd","rvsham","bd","06/06/2018","EU",1,29.84333038,10.13477421,0,NA,NA,0,NA,NA,1,"",0.00800506,0.009725941,101.3477421,0.00800506,0.001720881,NA
"D1.5","Bb","1","Single","Bd","rvsham","bd","06/06/2018","EU",1,30.60538483,6.699124336,0,NA,NA,0,NA,NA,1,"",0,0.021134932,66.99124336,0,0.021134932,NA
"D1.6","Bb","1","Single","Bd","rvsham","bd","06/06/2018","EU",1,29.76801682,10.54061127,0,NA,NA,0,NA,NA,1,"",0.318188369,0.222472489,105.4061127,0.318188369,-0.09571588,NA
"D1.7","Bb","1","Single","Bd","rvsham","bd","06/06/2018","EU",1,37.61559296,0.151974529,0,NA,NA,0,NA,NA,1,"",3.57616e-06,3.174818516,1.51974529,3.57616e-06,3.17481493984,NA
"D1.8","Bb","1","Single","Bd","rvsham","bd","06/06/2018","EU",0,0,0,0,NA,NA,0,NA,NA,1,"",0.056759737,0.037134174,0,0.056759737,-0.019625563,NA
"D1.9","Bb","1","Single","Bd","rvsham","bd","06/06/2018","EU",1,32.22852325,2.786651611,0,NA,NA,0,NA,NA,1,"",0,0.11432676,27.86651611,0,0.11432676,NA
"D1.10","Bb","1","Single","Bd","rvsham","bd","06/06/2018","EU",1,30.0418396,9.08983326,0,NA,NA,0,NA,NA,1,"",0,0.00574828,90.8983326,0,0.00574828,NA
"D1.11","Bb","1","Single","Bd","rvsham","bd","06/06/2018","EU",1,33.66719818,1.283796191,0,NA,NA,0,NA,NA,1,"",0,0.015987452,12.83796191,0,0.015987452,NA
"D1.12","Bb","1","Single","Bd","rvsham","bd","06/06/2018","EU",1,33.41675568,1.50278759,0,NA,NA,0,NA,NA,1,"",0.003585313,3.277360916,15.0278759,0.003585313,3.273775603,NA
"D1.13","Bb","1","Single","Bd","rvsham","bd","06/06/2018","EU",1,30.75427818,6.180986404,0,NA,NA,0,NA,NA,1,"",0.022847205,0.006388854,61.80986404,0.022847205,-0.016458351,NA
"D1.14","Bb","1","Single","Bd","rvsham","bd","06/06/2018","EU",1,27.87834167,29.35338593,0,NA,NA,0,NA,NA,1,"",0.022849958,0.083232947,293.5338593,0.022849958,0.060382989,NA
"D1.15","Bb","1","Single","Bd","rvsham","bd","06/06/2018","EU",1,27.80961227,30.49719429,0,NA,NA,0,NA,NA,1,"",0.062446453,0.035195831,304.9719429,0.062446453,-0.027250622,NA
"D1.16","Bb","1","Single","Bd","rvsham","bd","06/06/2018","EU",1,29.89548492,9.834861755,0,NA,NA,0,NA,NA,NA,NA,NA,NA,98.34861755,NA,NA,NA
"D1.17","Bb","1","Single","Bd","rvsham","bd","06/06/2018","EU",0,0,0,0,NA,NA,0,NA,NA,NA,NA,NA,NA,0,NA,NA,NA
"D1.18","Bb","1","Single","Bd","rvsham","bd","06/06/2018","EU",1,31.21357727,4.867478371,0,NA,NA,0,NA,NA,NA,NA,NA,NA,48.67478371,NA,NA,NA
"D1.19","Bb","1","Single","Bd","rvsham","bd","06/06/2018","EU",1,33.1866188,1.659199476,0,NA,NA,0,NA,NA,NA,NA,NA,NA,16.59199476,NA,NA,NA
"D1.20","Bb","1","Single","Bd","rvsham","bd","06/06/2018","EU",1,29.69742203,10.95617104,0,NA,NA,0,NA,NA,NA,NA,NA,NA,109.5617104,NA,NA,NA
"A2.1","Bb","2","Coinfection","Rv-Bd","rv","bd","04/07/2018","EU",1,31.80376053,6.551037788,0,0,0,0,NA,NA,1,"20/02/2019",0.000477639,0.028652851,65.51037788,0.000477639,0.028175212,NA
"A2.2","Bb","2","Coinfection","Rv-Bd","rv","bd","04/07/2018","EU",1,31.05497169,10.34529495,0,0,0,0,NA,NA,1,"20/02/2019",0.367712498,0.004950007,103.4529495,0.367712498,-0.362762491,NA
"A2.3","Bb","2","Coinfection","Rv-Bd","rv","bd","02/07/2018","MORT",1,35.81352997,0.565294266,1,31.94548988,17894.13867,1,33.36593628,367.8327637,1,"20/02/2019",0.004392793,0,5.65294266,0.004392793,-0.004392793,97.2949689962597
"A2.4","Bb","2","Coinfection","Rv-Bd","rv","bd","04/07/2018","EU",1,33.83609009,1.890862465,0,0,0,0,NA,NA,1,"20/02/2019",0.043290891,5.501189232,18.90862465,0.043290891,5.457898341,NA
"A2.5","Bb","2","Coinfection","Rv-Bd","rv","bd","01/07/2018","MORT",1,32.02804184,5.707279205,1,20.19252777,9299322,1,28.68132401,6305.608887,0,NA,NA,NA,57.07279205,NA,NA,2949.53974045933
"A2.6","Bb","2","Coinfection","Rv-Bd","rv","bd","04/07/2018","EU",1,32.19913483,5.140197754,0,0,0,0,NA,NA,0,NA,NA,NA,51.40197754,NA,NA,NA
"A2.7","Bb","2","Coinfection","Rv-Bd","rv","bd","27/06/2018","MORT",1,34.83469391,1.027585983,1,26.88067245,267418.25,1,30.67704773,1903.60083,0,NA,NA,NA,10.27585983,NA,NA,280.960425931312
"A2.8","Bb","2","Coinfection","Rv-Bd","rv","bd","04/07/2018","EU",1,35.50386047,0.682823181,0,0,0,0,NA,NA,1,"20/02/2019",0,0.00241483,6.82823181,0,0.00241483,NA
"A2.9","Bb","2","Coinfection","Rv-Bd","rv","bd","04/07/2018","EU",1,32.86988831,3.420750856,1,46.48719788,7.864595413,1,30.52653694,2056.293945,0,NA,NA,NA,34.20750856,NA,NA,0.00764929102876875
"A2.10","Bb","2","Coinfection","Rv-Bd","rv","bd","04/07/2018","EU",1,35.02178192,0.916602373,1,30.20462799,45197.21094,1,31.74324989,986.9403076,0,NA,NA,NA,9.16602373,NA,NA,91.590566505301
"A2.11","Bb","2","Coinfection","Rv-Bd","rv","bd","01/07/2018","MORT",1,33.93900299,1.775654793,1,37.8837738,760.6439819,1,41.73347855,2.282721996,1,"20/02/2019",0.001455238,0.036891721,17.75654793,0.001455238,0.035436483,666.435933269905
"A2.12","Bb","2","Coinfection","Rv-Bd","rv","bd","04/07/2018","EU",1,32.21974564,5.63638258,0,0,0,0,NA,NA,1,"20/02/2019",0.006346095,0.064342633,56.3638258,0.006346095,0.057996538,NA
"A2.13","Bb","2","Coinfection","Rv-Bd","rv","bd","04/07/2018","EU",1,30.89551544,11.4103241,0,0,0,0,NA,NA,1,"20/02/2019",0.002230479,0.217452407,114.103241,0.002230479,0.215221928,NA
"A2.14","Bb","2","Coinfection","Rv-Bd","rv","bd","26/06/2018","MORT",1,34.41598892,1.430715799,1,28.07091522,18055.23438,1,36.82867432,44.79605484,0,NA,NA,NA,14.30715799,NA,NA,806.108236293962
"A2.15","Bb","2","Coinfection","Rv-Bd","rv","bd","04/07/2018","EU",1,31.69034767,7.049931526,0,0,0,0,NA,NA,0,NA,NA,NA,70.49931526,NA,NA,NA
"A2.16","Bb","2","Coinfection","Rv-Bd","rv","bd","04/07/2018","EU",1,31.11218643,9.996465683,0,0,0,0,NA,NA,0,NA,NA,NA,99.96465683,NA,NA,NA
"A2.17","Bb","2","Coinfection","Rv-Bd","rv","bd","04/07/2018","EU",1,32.43960571,4.44917202,0,0,0,0,NA,NA,1,"20/02/2019",0.01874309,0.07231044,44.4917202,0.01874309,0.05356735,NA
"A2.18","Bb","2","Coinfection","Rv-Bd","rv","bd","04/07/2018","EU",1,30.35778427,15.87069893,0,0,0,0,NA,NA,1,"20/02/2019",0.022886377,0.065028392,158.7069893,0.022886377,0.042142015,NA
"A2.19","Bb","2","Coinfection","Rv-Bd","rv","bd","04/07/2018","EU",1,33.30083466,2.631367922,0,0,0,0,NA,NA,0,NA,NA,NA,26.31367922,NA,NA,NA
"A2.20","Bb","2","Coinfection","Rv-Bd","rv","bd","04/07/2018","EU",1,33.22408676,2.756113052,0,0,0,0,NA,NA,0,NA,NA,NA,27.56113052,NA,NA,NA
"B2.1","Bb","2","Coinfection","Bd-Rv","bd","rv","04/07/2018","EU",1,31.93987846,7.186550617,0,0,0,0,NA,NA,1,"20/02/2019",0.000790505,0,71.86550617,0.000790505,-0.000790505,NA
"B2.2","Bb","2","Coinfection","Bd-Rv","bd","rv","29/06/2018","MORT",1,30.09435654,22.06515121,0,0,0,0,NA,NA,1,"20/02/2019",0.000221959,0.009394479,220.6515121,0.000221959,0.00917252,NA
"B2.3","Bb","2","Coinfection","Bd-Rv","bd","rv","04/07/2018","EU",1,31.37129593,10.14721394,0,0,0,0,NA,NA,0,NA,NA,NA,101.4721394,NA,NA,NA
"B2.4","Bb","2","Coinfection","Bd-Rv","bd","rv","04/07/2018","EU",1,33.60377502,2.609876633,0,0,0,0,NA,NA,0,NA,NA,NA,26.09876633,NA,NA,NA
"B2.5","Bb","2","Coinfection","Bd-Rv","bd","rv","04/07/2018","EU",1,31.45330048,9.679929733,0,0,0,0,NA,NA,1,"20/02/2019",0,0.013502929,96.79929733,0,0.013502929,NA
"B2.6","Bb","2","Coinfection","Bd-Rv","bd","rv","04/07/2018","EU",1,31.01997185,12.57453346,0,0,0,0,NA,NA,1,"20/02/2019",46.01511383,0.058734886,125.7453346,46.01511383,-45.956378944,NA
"B2.7","Bb","2","Coinfection","Bd-Rv","bd","rv","04/07/2018","EU",1,32.2609787,5.908554554,0,0,0,0,NA,NA,0,NA,NA,NA,59.08554554,NA,NA,NA
"B2.8","Bb","2","Coinfection","Bd-Rv","bd","rv","04/07/2018","EU",1,31.84086609,7.625452042,0,0,0,0,NA,NA,0,NA,NA,NA,76.25452042,NA,NA,NA
"B2.9","Bb","2","Coinfection","Bd-Rv","bd","rv","04/07/2018","EU",1,32.85445404,4.117028236,0,0,0,0,NA,NA,1,"20/02/2019",0,0.002760737,41.17028236,0,0.002760737,NA
"B2.10","Bb","2","Coinfection","Bd-Rv","bd","rv","04/07/2018","EU",1,42.28231049,0.013702871,0,0,0,0,NA,NA,1,"20/02/2019",0,0.003637866,0.13702871,0,0.003637866,NA
"B2.11","Bb","2","Coinfection","Bd-Rv","bd","rv","04/07/2018","EU",1,33.84779358,2.249049425,1,32.41133881,14020.06738,1,30.44924355,2155.673828,0,NA,NA,NA,22.49049425,NA,NA,13.0075962308339
"B2.12","Bb","2","Coinfection","Bd-Rv","bd","rv","04/07/2018","EU",1,32.06240463,6.674394608,0,0,0,0,NA,NA,0,NA,NA,NA,66.74394608,NA,NA,NA
"B2.13","Bb","2","Coinfection","Bd-Rv","bd","rv","04/07/2018","EU",0,NA,NA,0,0,0,0,NA,NA,0,NA,NA,NA,NA,NA,NA,NA
"B2.14","Bb","2","Coinfection","Bd-Rv","bd","rv","04/07/2018","EU",1,30.4270134,18.04304886,0,0,0,0,NA,NA,0,NA,NA,NA,180.4304886,NA,NA,NA
"B2.15","Bb","2","Coinfection","Bd-Rv","bd","rv","04/07/2018","EU",1,31.64418602,8.617416382,1,49.65985489,1.448047638,1,29.16986084,4684.683594,0,NA,NA,NA,86.17416382,NA,NA,0.000618205097076189
"B2.16","Bb","2","Coinfection","Bd-Rv","bd","rv","04/07/2018","EU",0,NA,NA,0,0,0,0,NA,NA,0,NA,NA,NA,NA,NA,NA,NA
"B2.17","Bb","2","Coinfection","Bd-Rv","bd","rv","04/07/2018","EU",0,NA,NA,0,0,0,0,NA,NA,1,"20/02/2019",0.022550307,0.060887881,NA,0.022550307,0.038337574,NA
"B2.18","Bb","2","Coinfection","Bd-Rv","bd","rv","04/07/2018","EU",0,NA,NA,0,0,0,0,NA,NA,1,"20/02/2019",0,2.83982e-05,NA,0,2.83982e-05,NA
"B2.19","Bb","2","Coinfection","Bd-Rv","bd","rv","04/07/2018","EU",0,NA,NA,0,0,0,0,NA,NA,1,"20/02/2019",0,0,NA,0,0,NA
"B2.20","Bb","2","Coinfection","Bd-Rv","bd","rv","04/07/2018","EU",0,NA,NA,0,0,0,0,NA,NA,1,"20/02/2019",1.81951e-05,0,NA,1.81951e-05,-1.81951e-05,NA
"C2.1","Bb","2","Single","Rv ","bdsham","rv","04/07/2018","EU",0,0,0,0,0,0,0,NA,NA,NA,"",NA,NA,0,NA,NA,NA
"C2.2","Bb","2","Single","Rv ","bdsham","rv","04/07/2018","EU",0,0,0,1,42.33534622,6.300626755,0,NA,2592.907,NA,"",NA,NA,0,NA,NA,0.00485989413041038
"C2.3","Bb","2","Single","Rv ","bdsham","rv","04/07/2018","EU",0,0,0,0,0,0,0,NA,NA,NA,"",NA,NA,0,NA,NA,NA
"C2.4","Bb","2","Single","Rv ","bdsham","rv","04/07/2018","EU",0,NA,NA,0,0,0,0,NA,NA,NA,"",NA,NA,NA,NA,NA,NA
"C2.5","Bb","2","Single","Rv ","bdsham","rv","04/07/2018","EU",0,NA,NA,0,0,0,0,NA,NA,NA,"",NA,NA,NA,NA,NA,NA
"C2.6","Bb","2","Single","Rv ","bdsham","rv","04/07/2018","EU",0,NA,NA,0,0,0,0,NA,NA,NA,"",NA,NA,NA,NA,NA,NA
"C2.7","Bb","2","Single","Rv ","bdsham","rv","04/07/2018","EU",0,NA,NA,0,0,0,0,NA,NA,NA,"",NA,NA,NA,NA,NA,NA
"C2.8","Bb","2","Single","Rv ","bdsham","rv","04/07/2018","EU",0,NA,NA,0,0,0,0,NA,NA,NA,"",NA,NA,NA,NA,NA,NA
"C2.9","Bb","2","Single","Rv ","bdsham","rv","04/07/2018","EU",0,NA,NA,0,0,0,0,NA,NA,NA,"",NA,NA,NA,NA,NA,NA
"C2.10","Bb","2","Single","Rv ","bdsham","rv","04/07/2018","EU",0,NA,NA,0,0,0,0,NA,NA,NA,"",NA,NA,NA,NA,NA,NA
"C2.11","Bb","2","Single","Rv ","bdsham","rv","04/07/2018","EU",0,NA,NA,0,0,0,0,NA,NA,NA,"",NA,NA,NA,NA,NA,NA
"C2.12","Bb","2","Single","Rv ","bdsham","rv","04/07/2018","EU",0,NA,NA,0,0,0,0,NA,NA,NA,"",NA,NA,NA,NA,NA,NA
"C2.13","Bb","2","Single","Rv ","bdsham","rv","04/07/2018","EU",0,NA,NA,0,0,0,0,NA,NA,NA,"",NA,NA,NA,NA,NA,NA
"C2.14","Bb","2","Single","Rv ","bdsham","rv","04/07/2018","EU",0,NA,NA,0,0,0,0,NA,NA,NA,"",NA,NA,NA,NA,NA,NA
"C2.15","Bb","2","Single","Rv ","bdsham","rv","04/07/2018","EU",0,0,0,0,0,0,0,NA,NA,NA,"",NA,NA,0,NA,NA,NA
"C2.16","Bb","2","Single","Rv ","bdsham","rv","04/07/2018","EU",0,0,0,0,0,0,0,NA,NA,NA,"",NA,NA,0,NA,NA,NA
"C2.17","Bb","2","Single","Rv ","bdsham","rv","04/07/2018","EU",0,0,0,0,0,0,0,NA,NA,NA,"",NA,NA,0,NA,NA,NA
"C2.18","Bb","2","Single","Rv ","bdsham","rv","18/06/2018","EU",0,NA,NA,1,47.83711243,0.318618894,0,NA,2592.907,NA,"",NA,NA,NA,NA,NA,0.000245761914330132
"C2.19","Bb","2","Single","Rv ","bdsham","rv","04/07/2018","EU",0,0,0,0,0,0,0,NA,NA,NA,"",NA,NA,0,NA,NA,NA
"C2.20","Bb","2","Single","Rv ","bdsham","rv","04/07/2018","EU",0,0,0,0,0,0,0,NA,NA,NA,"",NA,NA,0,NA,NA,NA
"D2.1","Bb","2","Single","Bd","rvsham","bd","04/07/2018","EU",1,32.101395,5.588,0,NA,NA,0,NA,NA,1,"21/02/2019",0.000276084,0.023836069,55.88,0.000276084,0.023559985,NA
"D2.2","Bb","2","Single","Bd","rvsham","bd","04/07/2018","EU",1,34.55670929,1.218,0,NA,NA,0,NA,NA,1,"21/02/2019",0.037874244,0,12.18,0.037874244,-0.037874244,NA
"D2.3","Bb","2","Single","Bd","rvsham","bd","04/07/2018","EU",1,34.41365814,1.329,0,NA,NA,0,NA,NA,1,"21/02/2019",0,0.172964752,13.29,0,0.172964752,NA
"D2.4","Bb","2","Single","Bd","rvsham","bd","04/07/2018","EU",1,31.67986679,7.092,0,NA,NA,0,NA,NA,1,"21/02/2019",0.008424128,0.03589204,70.92,0.008424128,0.027467912,NA
"D2.5","Bb","2","Single","Bd","rvsham","bd","04/07/2018","EU",1,30.4681263,14.791,0,NA,NA,0,NA,NA,1,"21/02/2019",0,0.035441443,147.91,0,0.035441443,NA
"D2.6","Bb","2","Single","Bd","rvsham","bd","04/07/2018","EU",1,29.51923561,26.413,0,NA,NA,0,NA,NA,1,"21/02/2019",0.417108715,0.066222809,264.13,0.417108715,-0.350885906,NA
"D2.7","Bb","2","Single","Bd","rvsham","bd","04/07/2018","EU",1,29.75766754,22.92,0,NA,NA,0,NA,NA,1,"21/02/2019",0.004121628,2.536823988,229.2,0.004121628,2.53270236,NA
"D2.8","Bb","2","Single","Bd","rvsham","bd","04/07/2018","EU",1,31.53027344,7.7732,0,NA,NA,0,NA,NA,1,"21/02/2019",0.072177887,0.012744697,77.732,0.072177887,-0.05943319,NA
"D2.9","Bb","2","Single","Bd","rvsham","bd","04/07/2018","EU",1,34.28339767,1.466,0,NA,NA,0,NA,NA,1,"21/02/2019",0,0.121220142,14.66,0,0.121220142,NA
"D2.10","Bb","2","Single","Bd","rvsham","bd","04/07/2018","EU",1,32.60671997,4.022,0,NA,NA,0,NA,NA,1,"21/02/2019",0.000188925,0.009294905,40.22,0.000188925,0.00910598,NA
"D2.11","Bb","2","Single","Bd","rvsham","bd","04/07/2018","EU",1,32.34477234,4.712,0,NA,NA,0,NA,NA,1,"21/02/2019",0.000881771,0.010204105,47.12,0.000881771,0.009322334,NA
"D2.12","Bb","2","Single","Bd","rvsham","bd","04/07/2018","EU",1,34.50271606,1.27,0,NA,NA,0,NA,NA,1,"21/02/2019",0.004290156,2.925529242,12.7,0.004290156,2.921239086,NA
"D2.13","Bb","2","Single","Bd","rvsham","bd","04/07/2018","EU",1,31.93505478,6.039,0,NA,NA,0,NA,NA,1,"21/02/2019",0.033958107,0.004056385,60.39,0.033958107,-0.029901722,NA
"D2.14","Bb","2","Single","Bd","rvsham","bd","04/07/2018","EU",1,31.34777069,8.644,0,NA,NA,0,NA,NA,1,"21/02/2019",0.028486691,0.047734946,86.44,0.028486691,0.019248255,NA
"D2.15","Bb","2","Single","Bd","rvsham","bd","04/07/2018","EU",1,31.86625671,6.301,0,NA,NA,0,NA,NA,1,"21/02/2019",0.063855328,0.04324542,63.01,0.063855328,-0.020609908,NA
"D2.16","Bb","2","Single","Bd","rvsham","bd","04/07/2018","EU",1,29.47919083,27.067,0,NA,NA,0,NA,NA,1,"21/02/2019",0.007621838,0.082335085,270.67,0.007621838,0.074713247,NA
"D2.17","Bb","2","Single","Bd","rvsham","bd","04/07/2018","EU",1,29.65997314,24.231,0,NA,NA,0,NA,NA,1,"21/02/2019",0.00241758,0.105444297,242.31,0.00241758,0.103026717,NA
"D2.18","Bb","2","Single","Bd","rvsham","bd","04/07/2018","EU",1,32.94144058,3.266,0,NA,NA,0,NA,NA,1,"21/02/2019",0,0.007687551,32.66,0,0.007687551,NA
"D2.19","Bb","2","Single","Bd","rvsham","bd","04/07/2018","EU",1,34.33166504,1.397,0,NA,NA,0,NA,NA,1,"21/02/2019",0,0.020645238,13.97,0,0.020645238,NA
"D2.20","Bb","2","Single","Bd","rvsham","bd","04/07/2018","EU",1,29.00299263,36.2,0,NA,NA,0,NA,NA,1,"21/02/2019",0,0,362,0,0,NA
"Q1","Rt","3","Coinfection","Rv-Bd","rv","bd","10/07/2018","EU",0,0,0,0,0,0,0,NA,NA,1,"05/07/2018",NA,NA,0,NA,NA,NA
"Q2","Rt","3","Coinfection","Rv-Bd","rv","bd","10/07/2018","EU",0,0,0,0,0,0,0,NA,NA,1,"05/07/2018",NA,NA,0,NA,NA,NA
"Q3","Rt","3","Coinfection","Rv-Bd","rv","bd","10/07/2018","EU",0,0,0,0,0,0,0,NA,NA,0,NA,NA,NA,0,NA,NA,NA
"Q4","Rt","3","Coinfection","Rv-Bd","rv","bd","10/07/2018","EU",1,36.04288483,1.178874731,0,0,0,0,NA,NA,1,"05/07/2018",0,0,11.78874731,0,0,NA
"Q5","Rt","3","Coinfection","Rv-Bd","rv","bd","10/07/2018","EU",1,41.22333908,0.061203457,0,0,0,0,NA,NA,1,"05/07/2018",NA,NA,0.61203457,NA,NA,NA
"Q6","Rt","3","Coinfection","Rv-Bd","rv","bd","28/06/2018","MORT",1,42.9201889,0.023615522,1,22.32133293,2991213,1,27.71177673,11383.0957,0,NA,NA,NA,0.23615522,NA,NA,525.553518802447
"Q7","Rt","3","Coinfection","Rv-Bd","rv","bd","10/07/2018","EU",0,0,0,0,0,0,0,NA,NA,1,"05/07/2018",NA,NA,0,NA,NA,NA
"Q8","Rt","3","Coinfection","Rv-Bd","rv","bd","10/07/2018","EU",1,38.62661743,0.267119944,0,0,0,0,NA,NA,1,"05/07/2018",0,0.005233554,2.67119944,0,0.005233554,NA
"Q9","Rt","3","Coinfection","Rv-Bd","rv","bd","10/07/2018","EU",0,0,0,0,0,0,0,NA,NA,1,"05/07/2018",NA,NA,0,NA,NA,NA
"Q10","Rt","3","Coinfection","Rv-Bd","rv","bd","10/07/2018","EU",0,0,0,0,0,0,0,NA,NA,1,"05/07/2018",NA,NA,0,NA,NA,NA
"Q11","Rt","3","Coinfection","Rv-Bd","rv","bd","10/07/2018","EU",0,0,0,0,0,0,0,NA,NA,0,NA,NA,NA,0,NA,NA,NA
"Q12","Rt","3","Coinfection","Rv-Bd","rv","bd","01/07/2018","MORT",0,0,0,0,0,0,0,NA,NA,0,NA,NA,NA,0,NA,NA,NA
"Q13","Rt","3","Coinfection","Rv-Bd","rv","bd","01/07/2018","",1,37.43511963,0.206198111,1,36.05961609,2170.984619,1,39.09767914,11.29615211,0,NA,NA,NA,2.06198111,NA,NA,384.375953485633
"Q14","Rt","3","Coinfection","Rv-Bd","rv","bd","10/07/2018","EU",1,41.07376862,0.02736631,0,0,0,0,NA,NA,0,NA,NA,NA,0.2736631,NA,NA,NA
"Q15","Rt","3","Coinfection","Rv-Bd","rv","bd","10/07/2018","EU",0,0,0,0,0,0,0,NA,NA,1,"05/07/2018",NA,NA,0,NA,NA,NA
"Q16","Rt","3","Coinfection","Rv-Bd","rv","bd","10/07/2018","EU",0,0,0,0,0,0,0,NA,NA,1,"05/07/2018",NA,NA,0,NA,NA,NA
"Q17","Rt","3","Coinfection","Rv-Bd","rv","bd","10/07/2018","EU",0,0,0,0,0,0,0,NA,NA,0,NA,NA,NA,0,NA,NA,NA
"Q18","Rt","3","Coinfection","Rv-Bd","rv","bd","10/07/2018","EU",0,0,0,0,0,0,0,NA,NA,0,NA,NA,NA,0,NA,NA,NA
"Q19","Rt","3","Coinfection","Rv-Bd","rv","bd","10/07/2018","EU",0,0,0,0,0,0,0,NA,NA,0,NA,NA,NA,0,NA,NA,NA
"Q20","Rt","3","Coinfection","Rv-Bd","rv","bd","10/07/2018","EU",0,0,0,0,0,0,0,NA,NA,1,"05/07/2018",NA,NA,0,NA,NA,NA
"R1","Rt","3","Coinfection","Bd-Rv","bd","rv","10/07/2018","EU",0,0,0,0,0,0,0,NA,NA,NA,"",NA,NA,0,NA,NA,NA
"R2","Rt","3","Coinfection","Bd-Rv","bd","rv","10/07/2018","EU",1,42.01206207,0.014416404,0,0,0,0,NA,NA,NA,"",NA,NA,0.14416404,NA,NA,NA
"R3","Rt","3","Coinfection","Bd-Rv","bd","rv","10/07/2018","EU",1,34.74637985,0.714001417,0,0,0,0,NA,NA,NA,"",NA,NA,7.14001417,NA,NA,NA
"R4","Rt","3","Coinfection","Bd-Rv","bd","rv","10/07/2018","EU",0,0,0,0,0,0,0,NA,NA,NA,"",NA,NA,0,NA,NA,NA
"R5","Rt","3","Coinfection","Bd-Rv","bd","rv","10/07/2018","EU",0,0,0,0,0,0,0,NA,NA,NA,"",NA,NA,0,NA,NA,NA
"R6","Rt","3","Coinfection","Bd-Rv","bd","rv","10/07/2018","EU",0,0,0,0,0,0,0,NA,NA,NA,"",NA,NA,0,NA,NA,NA
"R7","Rt","3","Coinfection","Bd-Rv","bd","rv","10/07/2018","EU",0,0,0,0,0,0,0,NA,NA,NA,"",NA,NA,0,NA,NA,NA
"R8","Rt","3","Coinfection","Bd-Rv","bd","rv","10/07/2018","EU",1,40.3980217,0.033745397,0,0,0,0,NA,NA,NA,"",NA,NA,0.33745397,NA,NA,NA
"R9","Rt","3","Coinfection","Bd-Rv","bd","rv","20/06/2018","MORT",1,36.48470306,0.27849552,0,0,0,0,NA,NA,NA,"",NA,NA,2.7849552,NA,NA,NA
"R10","Rt","3","Coinfection","Bd-Rv","bd","rv","10/07/2018","EU",0,0,0,0,0,0,0,NA,NA,NA,"",NA,NA,0,NA,NA,NA
"R11","Rt","3","Coinfection","Bd-Rv","bd","rv","10/07/2018","EU",0,0,0,1,43.29424286,42.79920197,1,32.77457428,525.0339966,NA,"",NA,NA,0,NA,NA,0.163034021595393
"R12","Rt","3","Coinfection","Bd-Rv","bd","rv","10/07/2018","EU",1,36.41691589,0.296958327,0,0,0,0,NA,NA,NA,"",NA,NA,2.96958327,NA,NA,NA
"R13","Rt","3","Coinfection","Bd-Rv","bd","rv","10/07/2018","EU",0,0,0,0,0,0,0,NA,NA,NA,"",NA,NA,0,NA,NA,NA
"R14","Rt","3","Coinfection","Bd-Rv","bd","rv","10/07/2018","EU",1,40.68348694,0.029157221,0,0,0,0,NA,NA,NA,"",NA,NA,0.29157221,NA,NA,NA
"R15","Rt","3","Coinfection","Bd-Rv","bd","rv","10/07/2018","EU",0,0,0,0,0,0,0,NA,NA,NA,"",NA,NA,0,NA,NA,NA
"R16","Rt","3","Coinfection","Bd-Rv","bd","rv","10/07/2018","EU",0,0,0,0,0,0,0,NA,NA,NA,"",NA,NA,0,NA,NA,NA
"R17","Rt","3","Coinfection","Bd-Rv","bd","rv","10/07/2018","EU",0,0,0,0,0,0,0,NA,NA,NA,"",NA,NA,0,NA,NA,NA
"R18","Rt","3","Coinfection","Bd-Rv","bd","rv","10/07/2018","EU",1,0.183544472,0.507832766,0,0,0,0,NA,NA,NA,"",NA,NA,5.07832766,NA,NA,NA
"R19","Rt","3","Coinfection","Bd-Rv","bd","rv","10/07/2018","EU",1,0.125598952,0.093496442,0,0,0,0,NA,NA,NA,"",NA,NA,0.93496442,NA,NA,NA
"R20","Rt","3","Coinfection","Bd-Rv","bd","rv","10/07/2018","EU",0,0,0,0,0,0,0,NA,NA,NA,"",NA,NA,0,NA,NA,NA
"S1","Rt","3","Single","Rv ","bdsham","rv","10/07/2018","EU",0,NA,NA,0,0,0,0,NA,NA,NA,"",NA,NA,NA,NA,NA,NA
"S2","Rt","3","Single","Rv ","bdsham","rv","10/07/2018","EU",0,NA,NA,0,0,0,0,NA,NA,NA,"",NA,NA,NA,NA,NA,NA
"S3","Rt","3","Single","Rv ","bdsham","rv","10/07/2018","EU",0,NA,NA,0,0,0,0,NA,NA,NA,"",NA,NA,NA,NA,NA,NA
"S4","Rt","3","Single","Rv ","bdsham","rv","10/07/2018","EU",0,NA,NA,0,0,0,0,NA,NA,NA,"",NA,NA,NA,NA,NA,NA
"S5","Rt","3","Single","Rv ","bdsham","rv","10/07/2018","EU",0,NA,NA,0,0,0,0,NA,NA,NA,"",NA,NA,NA,NA,NA,NA
"S6","Rt","3","Single","Rv ","bdsham","rv","10/07/2018","EU",0,NA,NA,0,0,0,0,NA,NA,NA,"",NA,NA,NA,NA,NA,NA
"S7","Rt","3","Single","Rv ","bdsham","rv","10/07/2018","EU",0,NA,NA,0,0,0,0,NA,NA,NA,"",NA,NA,NA,NA,NA,NA
"S8","Rt","3","Single","Rv ","bdsham","rv","10/07/2018","EU",0,NA,NA,0,0,0,0,NA,NA,NA,"",NA,NA,NA,NA,NA,NA
"S9","Rt","3","Single","Rv ","bdsham","rv","10/07/2018","EU",0,NA,NA,0,0,0,0,NA,NA,NA,"",NA,NA,NA,NA,NA,NA
"S10","Rt","3","Single","Rv ","bdsham","rv","30/06/2018","MORT",0,NA,NA,0,0,0,0,NA,NA,NA,"",NA,NA,NA,NA,NA,NA
"S11","Rt","3","Single","Rv ","bdsham","rv","10/07/2018","EU",0,NA,NA,0,0,0,0,NA,NA,NA,"",NA,NA,NA,NA,NA,NA
"S12","Rt","3","Single","Rv ","bdsham","rv","10/07/2018","EU",0,NA,NA,0,0,0,0,NA,NA,NA,"",NA,NA,NA,NA,NA,NA
"S13","Rt","3","Single","Rv ","bdsham","rv","10/07/2018","EU",0,NA,NA,0,0,0,0,NA,NA,NA,"",NA,NA,NA,NA,NA,NA
"S14","Rt","3","Single","Rv ","bdsham","rv","10/07/2018","EU",0,NA,NA,0,0,0,0,NA,NA,NA,"",NA,NA,NA,NA,NA,NA
"S15","Rt","3","Single","Rv ","bdsham","rv","10/07/2018","EU",0,NA,NA,0,0,0,0,NA,NA,NA,"",NA,NA,NA,NA,NA,NA
"S16","Rt","3","Single","Rv ","bdsham","rv","10/07/2018","EU",0,NA,NA,0,0,0,0,NA,NA,NA,"",NA,NA,NA,NA,NA,NA
"S17","Rt","3","Single","Rv ","bdsham","rv","02/07/2018","EU",0,NA,NA,0,0,0,0,NA,NA,NA,"",NA,NA,NA,NA,NA,NA
"S18","Rt","3","Single","Rv ","bdsham","rv","10/07/2018","EU",0,NA,NA,0,0,0,0,NA,NA,NA,"",NA,NA,NA,NA,NA,NA
"S19","Rt","3","Single","Rv ","bdsham","rv","10/07/2018","EU",0,NA,NA,0,0,0,0,NA,NA,NA,"",NA,NA,NA,NA,NA,NA
"S20","Rt","3","Single","Rv ","bdsham","rv","10/07/2018","EU",0,NA,NA,0,0,0,0,NA,NA,NA,"",NA,NA,NA,NA,NA,NA
"T1","Rt","3","Single","Bd","bd","rvsham","10/07/2018","EU",0,0,0,0,0,0,0,NA,NA,1,"05/07/2018",NA,NA,0,NA,NA,NA
"T2","Rt","3","Single","Bd","bd","rvsham","10/07/2018","EU",1,41.46508789,0.021986999,0,0,0,0,NA,NA,1,"05/07/2018",NA,NA,0.21986999,NA,NA,NA
"T3","Rt","3","Single","Bd","bd","rvsham","10/07/2018","EU",1,42.91592407,0.009033737,0,NA,NA,0,NA,NA,0,NA,NA,NA,0.09033737,NA,NA,NA
"T4","Rt","3","Single","Bd","bd","rvsham","10/07/2018","EU",0,0,0,0,0,0,0,NA,NA,1,"05/07/2018",NA,NA,0,NA,NA,NA
"T5","Rt","3","Single","Bd","bd","rvsham","10/07/2018","EU",0,0,0,0,0,0,0,NA,NA,1,"05/07/2018",NA,NA,0,NA,NA,NA
"T6","Rt","3","Single","Bd","bd","rvsham","10/07/2018","EU",0,0,0,0,NA,NA,0,NA,NA,1,"05/07/2018",NA,NA,0,NA,NA,NA
"T7","Rt","3","Single","Bd","bd","rvsham","10/07/2018","EU",0,0,0,0,NA,NA,0,NA,NA,1,"05/07/2018",NA,NA,0,NA,NA,NA
"T8","Rt","3","Single","Bd","bd","rvsham","10/07/2018","EU",0,0,0,0,NA,NA,0,NA,NA,1,"05/07/2018",NA,NA,0,NA,NA,NA
"T9","Rt","3","Single","Bd","bd","rvsham","10/07/2018","EU",0,0,0,0,NA,NA,0,NA,NA,1,"05/07/2018",NA,NA,0,NA,NA,NA
"T10","Rt","3","Single","Bd","bd","rvsham","10/07/2018","EU",0,0,0,0,NA,NA,0,NA,NA,1,"05/07/2018",NA,NA,0,NA,NA,NA
"T11","Rt","3","Single","Bd","bd","rvsham","10/07/2018","EU",0,0,0,0,NA,NA,0,NA,NA,1,"05/07/2018",NA,NA,0,NA,NA,NA
"T12","Rt","3","Single","Bd","bd","rvsham","10/07/2018","EU",1,45.40135956,0.002065266,0,NA,NA,0,NA,NA,1,"05/07/2018",NA,NA,0.02065266,NA,NA,NA
"T13","Rt","3","Single","Bd","bd","rvsham","10/07/2018","EU",0,0,0,0,NA,NA,0,NA,NA,0,"N/A",NA,NA,0,NA,NA,NA
"T14","Rt","3","Single","Bd","bd","rvsham","10/07/2018","EU",0,0,0,0,NA,NA,0,NA,NA,1,"05/07/2018",NA,NA,0,NA,NA,NA
"T15","Rt","3","Single","Bd","bd","rvsham","10/07/2018","EU",1,41.43656921,0.024516353,0,NA,NA,0,NA,NA,1,"05/07/2018",NA,NA,0.24516353,NA,NA,NA
"T16","Rt","3","Single","Bd","bd","rvsham","10/07/2018","EU",0,0,0,0,NA,NA,0,NA,NA,1,"05/07/2018",NA,NA,0,NA,NA,NA
"T17","Rt","3","Single","Bd","bd","rvsham","10/07/2018","EU",0,0,0,0,NA,NA,0,NA,NA,1,"05/07/2018",NA,NA,0,NA,NA,NA
"T18","Rt","3","Single","Bd","bd","rvsham","10/07/2018","EU",1,33.76181793,2.370432377,0,NA,NA,0,NA,NA,0,"N/A",NA,NA,23.70432377,NA,NA,NA
"T19","Rt","3","Single","Bd","bd","rvsham","10/07/2018","EU",0,0,0,0,NA,NA,0,NA,NA,1,"05/07/2018",NA,NA,0,NA,NA,NA
"T20","Rt","3","Single","Bd","bd","rvsham","10/07/2018","EU",1,38.8375206,0.109518602,0,NA,NA,0,NA,NA,1,"05/07/2018",NA,NA,1.09518602,NA,NA,NA
"J1","Am","4","Coinfection","Rv-Bd","rv","bd","21/10/2018","EU",1,47.05998993,0.002003485,1,41.83902359,8.942388535,1,29.35441589,4189.537598,0,NA,NA,NA,0.02003485,NA,NA,0.00426891432566158
"J2","Am","4","Coinfection","Rv-Bd","rv","bd","21/10/2018","EU",1,37.3559494,0.835167825,1,41.04553223,12.62146568,0,NA,2592.907,1,"16/10/2018",0.001913372,0,8.35167825,0.001913372,-0.001913372,0.00973537861558475
"J3","Am","4","Coinfection","Rv-Bd","rv","bd","21/10/2018","EU",1,37.06638718,0.9581967,0,0,0,0,NA,NA,0,NA,NA,NA,9.581967,NA,NA,NA
"J4","Am","4","Coinfection","Rv-Bd","rv","bd","21/10/2018","EU",1,35.13038635,3.148477554,0,0,0,0,NA,NA,0,NA,NA,NA,31.48477554,NA,NA,NA
"J5","Am","4","Coinfection","Rv-Bd","rv","bd","21/10/2018","EU",1,37.48867035,0.735747933,0,0,0,0,NA,NA,0,NA,NA,NA,7.35747933,NA,NA,NA
"J6","Am","4","Coinfection","Rv-Bd","rv","bd","21/10/2018","EU",1,36.2393837,1.597295761,0,0,0,0,NA,NA,1,"16/10/2018",0,0,15.97295761,0,0,NA
"J7","Am","4","Coinfection","Rv-Bd","rv","bd","21/10/2018","EU",1,36.02108765,1.819244742,0,0,0,0,NA,NA,0,NA,NA,NA,18.19244742,NA,NA,NA
"J8","Am","4","Coinfection","Rv-Bd","rv","bd","21/10/2018","EU",1,36.14537811,1.682796478,0,0,0,0,NA,NA,0,NA,NA,NA,16.82796478,NA,NA,NA
"J9","Am","4","Coinfection","Rv-Bd","rv","bd","21/10/2018","EU",1,36.0566864,1.797159195,0,0,0,0,NA,NA,1,"16/10/2018",2.80195e-06,0.003747055,17.97159195,2.80195e-06,0.00374425305,NA
"J10","Am","4","Coinfection","Rv-Bd","rv","bd","21/10/2018","EU",1,38.59251404,0.373675317,0,0,0,0,NA,NA,0,NA,NA,NA,3.73675317,NA,NA,NA
"J11","Am","4","Coinfection","Rv-Bd","rv","bd","21/10/2018","EU",1,35.35388184,2.757100582,0,0,0,0,NA,NA,1,"16/10/2018",0.340680659,0.076146141,27.57100582,0.340680659,-0.264534518,NA
"J12","Am","4","Coinfection","Rv-Bd","rv","bd","21/10/2018","EU",1,38.78009796,0.330277979,0,0,0,0,NA,NA,1,"16/10/2018",0.003419423,0,3.30277979,0.003419423,-0.003419423,NA
"J13","Am","4","Coinfection","Rv-Bd","rv","bd","21/10/2018","EU",1,38.47053528,0.403985381,0,0,0,0,NA,NA,1,"16/10/2018",0.005227764,0,4.03985381,0.005227764,-0.005227764,NA
"J14","Am","4","Coinfection","Rv-Bd","rv","bd","21/10/2018","EU",1,38.17597198,0.482772082,0,0,0,0,NA,NA,0,NA,NA,NA,4.82772082,NA,NA,NA
"K1","Am","4","Coinfection","Bd-Rv","bd","rv","21/10/2018","EU",1,38.18927002,0.474989325,0,0,0,0,NA,NA,0,NA,NA,NA,4.74989325,NA,NA,NA
"K2","Am","4","Coinfection","Bd-Rv","bd","rv","21/10/2018","EU",1,37.97807312,0.541062474,0,0,0,0,NA,NA,1,"16/10/2018",0,0,5.41062474,0,0,NA
"K3","Am","4","Coinfection","Bd-Rv","bd","rv","21/10/2018","EU",1,41.28795624,0.072450183,0,0,0,0,NA,NA,1,"16/10/2018",NA,NA,0.72450183,NA,NA,NA
"K4","Am","4","Coinfection","Bd-Rv","bd","rv","21/10/2018","EU",0,NA,NA,1,44.49789047,1.845872641,1,30.40776825,2236.045654,1,"16/10/2018",NA,NA,NA,NA,NA,0.00165101516393278
"K5","Am","4","Coinfection","Bd-Rv","bd","rv","21/10/2018","EU",1,37.78564453,0.610123813,0,0,0,0,NA,NA,0,NA,NA,NA,6.10123813,NA,NA,NA
"K6","Am","4","Coinfection","Bd-Rv","bd","rv","21/10/2018","EU",1,37.16719818,0.898858607,0,0,0,0,NA,NA,1,"16/10/2018",0,0,8.98858607,0,0,NA
"K7","Am","4","Coinfection","Bd-Rv","bd","rv","21/10/2018","EU",1,40.19693375,0.138309807,0,0,0,0,NA,NA,0,NA,NA,NA,1.38309807,NA,NA,NA
"K8","Am","4","Coinfection","Bd-Rv","bd","rv","21/10/2018","EU",1,36.79902649,1.119887829,0,0,0,0,NA,NA,1,"16/10/2018",0,0,11.19887829,0,0,NA
"K9","Am","4","Coinfection","Bd-Rv","bd","rv","21/10/2018","EU",1,39.00471115,0.292216033,0,0,0,0,NA,NA,0,NA,NA,NA,2.92216033,NA,NA,NA
"K10","Am","4","Coinfection","Bd-Rv","bd","rv","21/10/2018","EU",1,35.97761154,1.857990026,0,0,0,0,NA,NA,1,"16/10/2018",0.003365156,0,18.57990026,0.003365156,-0.003365156,NA
"K11","Am","4","Coinfection","Bd-Rv","bd","rv","21/10/2018","EU",1,39.93075562,0.162772059,0,0,0,0,NA,NA,0,NA,NA,NA,1.62772059,NA,NA,NA
"K12","Am","4","Coinfection","Bd-Rv","bd","rv","21/10/2018","EU",1,34.66229248,4.183067322,0,0,0,0,NA,NA,0,NA,NA,NA,41.83067322,NA,NA,NA
"K13","Am","4","Coinfection","Bd-Rv","bd","rv","21/10/2018","EU",1,38.99602509,0.290655971,0,0,0,0,NA,NA,0,NA,NA,NA,2.90655971,NA,NA,NA
"K14","Am","4","Coinfection","Bd-Rv","bd","rv","21/10/2018","EU",1,37.50098801,0.728913188,0,0,0,0,NA,NA,0,NA,NA,NA,7.28913188,NA,NA,NA
"L1","Am","4","Single","Rv ","bdsham","rv","21/10/2018","EU",0,NA,NA,0,0,0,0,NA,NA,0,NA,NA,NA,NA,NA,NA,NA
"L2","Am","4","Single","Rv ","bdsham","rv","21/10/2018","EU",0,NA,NA,0,0,0,0,NA,NA,0,NA,NA,NA,NA,NA,NA,NA
"L3","Am","4","Single","Rv ","bdsham","rv","21/10/2018","EU",0,NA,NA,0,0,0,0,NA,NA,0,NA,NA,NA,NA,NA,NA,NA
"L4","Am","4","Single","Rv ","bdsham","rv","21/10/2018","EU",0,NA,NA,0,0,0,0,NA,NA,0,NA,NA,NA,NA,NA,NA,NA
"L5","Am","4","Single","Rv ","bdsham","rv","21/10/2018","EU",0,NA,NA,0,0,0,0,NA,NA,0,NA,NA,NA,NA,NA,NA,NA
"L6","Am","4","Single","Rv ","bdsham","rv","21/10/2018","EU",0,NA,NA,0,0,0,0,NA,NA,0,NA,NA,NA,NA,NA,NA,NA
"L7","Am","4","Single","Rv ","bdsham","rv","21/10/2018","EU",0,NA,NA,1,44.97509766,1.463927627,1,27.12777328,16186.38672,0,NA,NA,NA,NA,NA,NA,0.000180883807155202
"L8","Am","4","Single","Rv ","bdsham","rv","21/10/2018","EU",0,NA,NA,0,0,0,0,NA,NA,0,NA,NA,NA,NA,NA,NA,NA
"L9","Am","4","Single","Rv ","bdsham","rv","21/10/2018","EU",0,NA,NA,0,0,0,0,NA,NA,0,NA,NA,NA,NA,NA,NA,NA
"L10","Am","4","Single","Rv ","bdsham","rv","21/10/2018","EU",0,NA,NA,0,0,0,0,NA,NA,0,NA,NA,NA,NA,NA,NA,NA
"L11","Am","4","Single","Rv ","bdsham","rv","21/10/2018","EU",0,NA,NA,0,0,0,0,NA,NA,0,NA,NA,NA,NA,NA,NA,NA
"L12","Am","4","Single","Rv ","bdsham","rv","21/10/2018","EU",0,NA,NA,0,0,0,0,NA,NA,0,NA,NA,NA,NA,NA,NA,NA
"L13","Am","4","Single","Rv ","bdsham","rv","21/10/2018","EU",0,NA,NA,0,0,0,0,NA,NA,0,NA,NA,NA,NA,NA,NA,NA
"L14","Am","4","Single","Rv ","bdsham","rv","21/10/2018","EU",0,NA,NA,0,0,0,0,NA,NA,0,NA,NA,NA,NA,NA,NA,NA
"M1","Am","4","Single","Bd","bd","rvsham","21/10/2018","EU",1,34.29286575,5.355560303,0,NA,NA,0,NA,NA,1,"16/10/2018",0.014627865,0.009967593,53.55560303,0.014627865,-0.004660272,NA
"M2","Am","4","Single","Bd","bd","rvsham","21/10/2018","EU",1,36.30028534,1.527485847,0,NA,NA,0,NA,NA,1,"16/10/2018",0.004513148,0,15.27485847,0.004513148,-0.004513148,NA
"M3","Am","4","Single","Bd","bd","rvsham","21/10/2018","EU",1,35.8122406,2.072619915,0,NA,NA,0,NA,NA,1,"16/10/2018",0.019157119,0.02277356,20.72619915,0.019157119,0.003616441,NA
"M4","Am","4","Single","Bd","bd","rvsham","21/10/2018","EU",1,34.59418488,4.389936447,0,NA,NA,0,NA,NA,1,"16/10/2018",0.002267617,0.000485406,43.89936447,0.002267617,-0.001782211,NA
"M5","Am","4","Single","Bd","bd","rvsham","21/10/2018","EU",1,37.41895294,0.763867736,0,NA,NA,0,NA,NA,1,"16/10/2018",0,0.002894827,7.63867736,0,0.002894827,NA
"M6","Am","4","Single","Bd","bd","rvsham","21/10/2018","EU",1,37.93948746,0.564327598,0,NA,NA,0,NA,NA,1,"16/10/2018",0,0,5.64327598,0,0,NA
"M7","Am","4","Single","Bd","bd","rvsham","21/10/2018","EU",1,36.65668869,1.224036932,0,NA,NA,0,NA,NA,1,"16/10/2018",0.001020926,0,12.24036932,0.001020926,-0.001020926,NA
"M8","Am","4","Single","Bd","bd","rvsham","21/10/2018","EU",1,36.58185577,1.286400676,0,NA,NA,0,NA,NA,1,"16/10/2018",0.005602477,0.025105178,12.86400676,0.005602477,0.019502701,NA
"M9","Am","4","Single","Bd","bd","rvsham","21/10/2018","EU",1,34.91932678,3.57167387,0,NA,NA,0,NA,NA,1,"16/10/2018",0.004697459,0,35.7167387,0.004697459,-0.004697459,NA
"M10","Am","4","Single","Bd","bd","rvsham","21/10/2018","EU",1,39.4177742,0.226636887,0,NA,NA,0,NA,NA,1,"16/10/2018",0,0.004531117,2.26636887,0,0.004531117,NA
"M11","Am","4","Single","Bd","bd","rvsham","21/10/2018","EU",1,39.24752808,0.25023374,0,NA,NA,0,NA,NA,1,"16/10/2018",0.005198386,0.010348197,2.5023374,0.005198386,0.005149811,NA
"M12","Am","4","Single","Bd","bd","rvsham","21/10/2018","EU",1,36.07284546,1.778191805,0,NA,NA,0,NA,NA,1,"16/10/2018",0.000736027,0.028730344,17.78191805,0.000736027,0.027994317,NA
"M13","Am","4","Single","Bd","bd","rvsham","21/10/2018","EU",1,37.74808121,0.623506904,0,NA,NA,0,NA,NA,1,"16/10/2018",0.000602643,0,6.23506904,0.000602643,-0.000602643,NA
"M14","Am","4","Single","Bd","bd","rvsham","21/10/2018","EU",1,38.13021469,0.493723154,0,NA,NA,0,NA,NA,1,"16/10/2018",0.0005569,0.001955706,4.93723154,0.0005569,0.001398806,NA
"G1","Am","5","Single","Bd","bd","rvsham","21/10/2018","EU",1,34.35161591,3.103198528,0,NA,NA,0,NA,NA,0,NA,NA,NA,31.03198528,NA,NA,NA
"G2","Am","5","Single","Bd","bd","rvsham","21/10/2018","EU",1,34.52692413,2.910458326,0,NA,NA,0,NA,NA,1,"16/10/2018",0.017145742,0,29.10458326,0.017145742,-0.017145742,NA
"G3","Am","5","Single","Bd","bd","rvsham","21/10/2018","EU",1,36.61099243,0.861612141,0,NA,NA,0,NA,NA,1,"16/10/2018",0.000874446,0.001541334,8.61612141,0.000874446,0.000666888,NA
"G4","Am","5","Single","Bd","bd","rvsham","21/10/2018","EU",1,34.79431152,2.391803741,0,NA,NA,0,NA,NA,1,"16/10/2018",0.000151391,0.002090243,23.91803741,0.000151391,0.001938852,NA
"G5","Am","5","Single","Bd","bd","rvsham","21/10/2018","EU",1,36.23508453,1.050914764,0,NA,NA,0,NA,NA,1,"16/10/2018",0,0.014728615,10.50914764,0,0.014728615,NA
"G6","Am","5","Single","Bd","bd","rvsham","21/10/2018","EU",1,35.23925781,1.881076813,0,NA,NA,0,NA,NA,1,"16/10/2018",0,0.08144743,18.81076813,0,0.08144743,NA
"G7","Am","5","Single","Bd","bd","rvsham","21/10/2018","EU",1,35.47655869,1.620876074,0,NA,NA,0,NA,NA,1,"16/10/2018",0,0,16.20876074,0,0,NA
"G8","Am","5","Single","Bd","bd","rvsham","21/10/2018","EU",1,34.76234436,2.43991375,0,NA,NA,0,NA,NA,1,"16/10/2018",0.003755562,0.05134495,24.3991375,0.003755562,0.047589388,NA
"G9","Am","5","Single","Bd","bd","rvsham","21/10/2018","EU",1,35.40494537,1.688154221,0,NA,NA,0,NA,NA,1,"16/10/2018",0.01921152,0.014728642,16.88154221,0.01921152,-0.004482878,NA
"G10","Am","5","Single","Bd","bd","rvsham","21/10/2018","EU",1,36.46222687,0.924517393,0,NA,NA,0,NA,NA,1,"16/10/2018",0.001015998,0,9.24517393,0.001015998,-0.001015998,NA
"G11","Am","5","Single","Bd","bd","rvsham","21/10/2018","EU",1,38.82838821,0.238742679,0,NA,NA,0,NA,NA,0,NA,NA,NA,2.38742679,NA,NA,NA
"G12","Am","5","Single","Bd","bd","rvsham","21/10/2018","EU",1,38.6783905,0.260224432,0,NA,NA,0,NA,NA,0,NA,NA,NA,2.60224432,NA,NA,NA
"G13","Am","5","Single","Bd","bd","rvsham","21/10/2018","EU",1,34.59991074,2.671587944,0,NA,NA,0,NA,NA,0,NA,NA,NA,26.71587944,NA,NA,NA
"G14","Am","5","Single","Bd","bd","rvsham","21/10/2018","EU",1,33.38867569,5.340875626,0,NA,NA,0,NA,NA,1,"16/10/2018",0.086708933,0.016427547,53.40875626,0.086708933,-0.070281386,NA
"G15","Am","5","Single","Bd","bd","rvsham","21/10/2018","EU",1,37.79063416,0.433172226,0,NA,NA,0,NA,NA,0,NA,NA,NA,4.33172226,NA,NA,NA
"G16","Am","5","Single","Bd","bd","rvsham","21/10/2018","EU",1,37.37262344,0.553720295,0,NA,NA,0,NA,NA,0,NA,NA,NA,5.53720295,NA,NA,NA
"G17","Am","5","Single","Bd","bd","rvsham","21/10/2018","EU",1,35.42975616,1.662188053,0,NA,NA,0,NA,NA,1,NA,0,0.000148467,16.62188053,0,0.000148467,NA
"G18","Am","5","Single","Bd","bd","rvsham","21/10/2018","EU",1,36.02688217,1.181299925,0,NA,NA,0,NA,NA,0,NA,NA,NA,11.81299925,NA,NA,NA
"G19","Am","5","Single","Bd","bd","rvsham","21/10/2018","EU",1,35.24388885,1.849072337,0,NA,NA,0,NA,NA,1,"16/10/2018",0,0,18.49072337,0,0,NA
"G20","Am","5","Single","Bd","bd","rvsham","21/10/2018","EU",1,37.58688354,0.484411508,0,NA,NA,0,NA,NA,1,"16/10/2018",0,0.00065716,4.84411508,0,0.00065716,NA
"G21","Am","5","Single","Bd","bd","rvsham","21/10/2018","EU",1,34.49487305,2.842905283,0,NA,NA,0,NA,NA,1,"16/10/2018",0.086708933,0.046609197,28.42905283,0.086708933,-0.040099736,NA
"G22","Am","5","Single","Bd","bd","rvsham","21/10/2018","EU",1,35.25200653,1.845337033,0,NA,NA,0,NA,NA,1,"16/10/2018",NA,NA,18.45337033,NA,NA,NA
"G23","Am","5","Single","Bd","bd","rvsham","21/10/2018","EU",1,33.69856262,4.48262167,0,NA,NA,0,NA,NA,1,"16/10/2018",NA,NA,44.8262167,NA,NA,NA
"G24","Am","5","Single","Bd","bd","rvsham","21/10/2018","EU",1,34.40261078,2.990768433,0,NA,NA,0,NA,NA,1,"16/10/2018",NA,NA,29.90768433,NA,NA,NA
"G25","Am","5","Single","Bd","bd","rvsham","21/10/2018","EU",1,35.3404007,0.914792717,0,NA,NA,0,NA,NA,1,"16/10/2018",NA,NA,9.14792717,NA,NA,NA
